gaze_timestamp,world_index,confidence,norm_pos_x,norm_pos_y,base_data,gaze_point_3d_x,gaze_point_3d_y,gaze_point_3d_z,eye_center0_3d_x,eye_center0_3d_y,eye_center0_3d_z,gaze_normal0_x,gaze_normal0_y,gaze_normal0_z,eye_center1_3d_x,eye_center1_3d_y,eye_center1_3d_z,gaze_normal1_x,gaze_normal1_y,gaze_normal1_z
8539.940377,0,0.9004014134407043,0.6753441116979488,0.6389587624063185,8539.936449-0 8539.944305-1,57.32971266440924,-34.081008852188944,186.06148789328984,19.885024481789927,14.315445223751578,-23.091361388437846,0.17178188257161425,-0.20697731532575575,0.9631466013856326,-39.9952346587831,14.250235588480853,-23.238639031730848,0.4126711133340628,-0.2199980809704353,0.8839136816391919
8539.944340500002,0,1.0,0.6752084022000686,0.6383588015838186,8539.944376000001-0 8539.944305-1,57.19330636499275,-33.91849608671038,185.78870867485415,19.885024481789927,14.315445223751578,-23.091361388437846,0.17140701294948027,-0.20615429143850522,0.963389871253183,-39.9952346587831,14.250235588480853,-23.238639031730848,0.4126711133340628,-0.2199980809704353,0.8839136816391919
8539.948376,0,0.9854950904846191,0.6726131132760879,0.6396283202006856,8539.944376000001-0 8539.952376000001-1,58.44164117131713,-35.39848450770104,192.81234322599894,19.885024481789927,14.315445223751578,-23.091361388437846,0.17140701294948027,-0.20615429143850522,0.963389871253183,-39.9952346587831,14.250235588480853,-23.238639031730848,0.4058108142093492,-0.21955220824039248,0.8871946860343068
8539.952429500001,1,0.9224286675453186,0.6731824464318596,0.6401501018870219,8539.952483000001-0 8539.952376000001-1,59.05805066028992,-35.75500601513659,194.1553523540211,19.885024481789927,14.315445223751578,-23.091361388437846,0.17301419278694938,-0.20647728375796956,0.9630333433408269,-39.9952346587831,14.250235588480853,-23.238639031730848,0.4058108142093492,-0.21955220824039248,0.8871946860343068
8539.956482500002,1,0.9272359609603882,0.6710973966811268,0.6409120310034673,8539.952483000001-0 8539.960482-1,60.15126896215143,-36.99303172893174,200.2589587086497,19.885024481789927,14.315445223751578,-23.091361388437846,0.17301419278694938,-0.20647728375796956,0.9630333433408269,-39.9952346587831,14.250235588480853,-23.238639031730848,0.40022737652066476,-0.21878991933878683,0.8899151747661758
8539.960496,1,0.9512596726417542,0.671168862960788,0.6402402201745565,8539.96051-0 8539.960482-1,60.23789353993682,-36.9022926296946,200.48154628881343,19.885024481789927,14.315445223751578,-23.091361388437846,0.173228781815917,-0.2053486197408117,0.9632360736190878,-39.9952346587831,14.250235588480853,-23.238639031730848,0.40022737652066476,-0.21878991933878683,0.8899151747661758
8539.964446000002,1,0.9609572887420654,0.6702796842319363,0.6398074715735085,8539.96051-0 8539.968382000001-1,60.720729278367855,-37.302054395732306,203.21085947159352,19.885024481789927,14.315445223751578,-23.091361388437846,0.173228781815917,-0.2053486197408117,0.9632360736190878,-39.9952346587831,14.250235588480853,-23.238639031730848,0.3978475293888902,-0.21727597399229578,0.891352059786062
8539.9684195,1,0.9561393857002258,0.6704296126443324,0.6392116318041098,8539.968457-0 8539.968382000001-1,60.89946514705204,-37.26379291208478,203.64069945589281,19.885024481789927,14.315445223751578,-23.091361388437846,0.1736641049197423,-0.20426912209621545,0.9633872037869643,-39.9952346587831,14.250235588480853,-23.238639031730848,0.3978475293888902,-0.21727597399229578,0.891352059786062
8539.9724595,1,0.9303553402423859,0.6692810637819466,0.637260733416673,8539.968457-0 8539.976462-1,61.53666466190373,-37.51423944556168,207.30127634968798,19.885024481789927,14.315445223751578,-23.091361388437846,0.1736641049197423,-0.20426912209621545,0.9633872037869643,-39.9952346587831,14.250235588480853,-23.238639031730848,0.39479333902932423,-0.21312536227184772,0.893709012718665
8539.9764245,2,0.8633285760879517,0.6688339518280481,0.6381836326740539,8539.976387-0 8539.976462-1,61.00126807726272,-37.46512910663107,206.03718962075288,19.885024481789927,14.315445223751578,-23.091361388437846,0.17238219714626993,-0.2061354945033118,0.9632198793696585,-39.9952346587831,14.250235588480853,-23.238639031730848,0.39479333902932423,-0.21312536227184772,0.893709012718665
8539.980482,2,0.9277331829071045,0.6702511129637961,0.6391580125832539,8539.984502000001-0 8539.976462-1,62.68798263655814,-38.38635656709893,209.85374417416364,19.885024481789927,14.315445223751578,-23.091361388437846,0.1763785156801499,-0.2064317142948739,0.9624326296108973,-39.9952346587831,14.250235588480853,-23.238639031730848,0.39479333902932423,-0.21312536227184772,0.893709012718665
8539.984512500001,2,0.9426795542240143,0.6695607807626135,0.6374586940849127,8539.984502000001-0 8539.984523000001-1,63.09431013276087,-38.44254469171592,212.17431686970335,19.885024481789927,14.315445223751578,-23.091361388437846,0.1763785156801499,-0.2064317142948739,0.9624326296108973,-39.9952346587831,14.250235588480853,-23.238639031730848,0.3929570058388241,-0.20978911769881622,0.8953062703105228
8539.988589,2,0.9832088947296143,0.6702835862097865,0.6379836851924205,8539.992655-0 8539.984523000001-1,63.99153088228584,-38.93653287473484,214.2154714286221,19.885024481789927,14.315445223751578,-23.091361388437846,0.17842038686820755,-0.20662495318061394,0.9620147058506477,-39.9952346587831,14.250235588480853,-23.238639031730848,0.3929570058388241,-0.20978911769881622,0.8953062703105228
8539.9926055,2,0.9940465688705444,0.6695817194509559,0.6366887079581388,8539.992655-0 8539.992556000001-1,64.429854733634,-39.09197305434772,216.66429662408643,19.885024481789927,14.315445223751578,-23.091361388437846,0.17842038686820755,-0.20662495318061394,0.9620147058506477,-39.9952346587831,14.250235588480853,-23.238639031730848,0.3910666893711549,-0.2070658627682213,0.8967667327350726
8539.996611,2,0.9820575416088104,0.6700512690143678,0.6344295072408765,8539.992655-0 8540.000567000001-1,64.11402416014582,-38.33153900429916,215.05553157374834,19.885024481789927,14.315445223751578,-23.091361388437846,0.17842038686820755,-0.20662495318061394,0.9620147058506477,-39.9952346587831,14.250235588480853,-23.238639031730848,0.392413411607235,-0.20395379668191246,0.8968916117401278
8540.0005655,2,0.888634592294693,0.6703146316646862,0.6351174728884821,8540.000564-0 8540.000567000001-1,64.44166918884935,-38.611747686384625,215.78034515360633,19.885024481789927,14.315445223751578,-23.091361388437846,0.17915465267956734,-0.20748806717052062,0.961692420894074,-39.9952346587831,14.250235588480853,-23.238639031730848,0.392413411607235,-0.20395379668191246,0.8968916117401278
8540.004560500001,3,0.9410525858402252,0.6701981798822769,0.6354205062548911,8540.008554-0 8540.000567000001-1,64.29034761387075,-38.6090707227248,215.41777261217197,19.885024481789927,14.315445223751578,-23.091361388437846,0.17881721623979677,-0.20807815433428897,0.9616277267555701,-39.9952346587831,14.250235588480853,-23.238639031730848,0.392413411607235,-0.20395379668191246,0.8968916117401278
8540.008504500001,3,0.9530416131019592,0.6705344900018654,0.6331316274856266,8540.008554-0 8540.008455000001-1,64.06157830658681,-37.9289989393467,214.2848412919733,19.885024481789927,14.315445223751578,-23.091361388437846,0.17881721623979677,-0.20807815433428897,0.9616277267555701,-39.9952346587831,14.250235588480853,-23.238639031730848,0.39339116506959954,-0.2006657267404015,0.8972049138056087
8540.012997000002,3,0.9359135329723358,0.6714597389397482,0.633759889814197,8540.008554-0 8540.017440000001-1,63.48919137295405,-37.52051967935974,211.1462264505004,19.885024481789927,14.315445223751578,-23.091361388437846,0.17881721623979677,-0.20807815433428897,0.9616277267555701,-39.9952346587831,14.250235588480853,-23.238639031730848,0.3959013922268476,-0.20256196974567134,0.8956733422658049
8540.017440000001,3,0.9280377924442291,0.6724990813601515,0.6347875025810672,8540.017440000001-0 8540.017440000001-1,64.7864915755466,-38.27429910138126,214.06140184717947,19.885024481789927,14.315445223751578,-23.091361388437846,0.1817577501417961,-0.20877760167581125,0.9609245721188987,-39.9952346587831,14.250235588480853,-23.238639031730848,0.3959013922268476,-0.20256196974567134,0.8956733422658049
8540.021022,3,0.9451658725738525,0.6728169534471333,0.6362119071618313,8540.017440000001-0 8540.024604-1,64.59328869030706,-38.38276659822852,212.9615627463719,19.885024481789927,14.315445223751578,-23.091361388437846,0.1817577501417961,-0.20877760167581125,0.9609245721188987,-39.9952346587831,14.250235588480853,-23.238639031730848,0.396730961299102,-0.2051190882964256,0.8947238143489494
8540.024571000002,3,0.8813137412071228,0.6725796586122927,0.6359223670833626,8540.024538000001-0 8540.024604-1,64.29598099767875,-38.19812798580645,212.29786425309615,19.885024481789927,14.315445223751578,-23.091361388437846,0.1810865077817875,-0.20852941764654132,0.9611051756573736,-39.9952346587831,14.250235588480853,-23.238639031730848,0.396730961299102,-0.2051190882964256,0.8947238143489494
8540.030645,3,0.9192555248737335,0.6732931063160373,0.6382718844286588,8540.036686000001-0 8540.024604-1,65.18028732552824,-39.05142981368513,214.20411936332007,19.885024481789927,14.315445223751578,-23.091361388437846,0.1830737762710098,-0.21164129159111184,0.9600478926259449,-39.9952346587831,14.250235588480853,-23.238639031730848,0.396730961299102,-0.2051190882964256,0.8947238143489494
8540.034605,3,0.887668639421463,0.6735428903734516,0.6378115233426591,8540.036686000001-0 8540.032524-1,65.0160913897995,-38.80454605489821,213.35666564824916,19.885024481789927,14.315445223751578,-23.091361388437846,0.1830737762710098,-0.21164129159111184,0.9600478926259449,-39.9952346587831,14.250235588480853,-23.238639031730848,0.3974213740104918,-0.20463258831127962,0.8945287895202922
8540.038604500001,4,0.9192555248737335,0.6742774835240185,0.6373244437293013,8540.036686000001-0 8540.040523000001-1,64.54617805894665,-38.268156774075365,210.89074080189081,19.885024481789927,14.315445223751578,-23.091361388437846,0.1830737762710098,-0.21164129159111184,0.9600478926259449,-39.9952346587831,14.250235588480853,-23.238639031730848,0.3994247643907917,-0.20457103345067895,0.8936501272110255
8540.042877,4,0.9710266292095184,0.6750702992933895,0.6383236513563129,8540.045231-0 8540.040523000001-1,65.54763550620982,-38.895576221314826,213.1056381769607,19.885024481789927,14.315445223751578,-23.091361388437846,0.1853235921116184,-0.2125210443216266,0.9594216861877218,-39.9952346587831,14.250235588480853,-23.238639031730848,0.3994247643907917,-0.20457103345067895,0.8936501272110255
8540.046910000001,4,0.9710266292095184,0.6757153681987417,0.6403150862470284,8540.045231-0 8540.048589-1,65.14674687977242,-38.92333669119171,210.9128714239347,19.885024481789927,14.315445223751578,-23.091361388437846,0.1853235921116184,-0.2125210443216266,0.9594216861877218,-39.9952346587831,14.250235588480853,-23.238639031730848,0.40111754421405416,-0.20832820521513856,0.8920224630778788
8540.050663,4,0.9458528757095337,0.6747533582721786,0.640662298307086,8540.052737-0 8540.048589-1,63.93231635798071,-38.470983033577554,208.17176766875815,19.885024481789927,14.315445223751578,-23.091361388437846,0.18255719300387996,-0.21393669701993817,0.9596374111875503,-39.9952346587831,14.250235588480853,-23.238639031730848,0.40111754421405416,-0.20832820521513856,0.8920224630778788
8540.0546105,4,0.9445140659809113,0.6748708511704408,0.6407830354417672,8540.052737-0 8540.056484-1,63.861393485496194,-38.42735135732872,207.78933452727233,19.885024481789927,14.315445223751578,-23.091361388437846,0.18255719300387996,-0.21393669701993817,0.9596374111875503,-39.9952346587831,14.250235588480853,-23.238639031730848,0.4014307404232078,-0.20862941685121075,0.8918111498897056
8540.058538500001,4,0.9655628800392151,0.6746916842532201,0.6434672299506186,8540.060593-0 8540.056484-1,63.61169152607458,-38.84890806576937,207.10823305796237,19.885024481789927,14.315445223751578,-23.091361388437846,0.18198307697893307,-0.21837066520642912,0.9587473140878054,-39.9952346587831,14.250235588480853,-23.238639031730848,0.4014307404232078,-0.20862941685121075,0.8918111498897056
8540.0625385,4,0.9584293067455292,0.6662464490936136,0.6519856200263165,8540.060593-0 8540.064484-1,69.5106890011374,-46.48110529295414,238.05060066477012,19.885024481789927,14.315445223751578,-23.091361388437846,0.18198307697893307,-0.21837066520642912,0.9587473140878054,-39.9952346587831,14.250235588480853,-23.238639031730848,0.37794296654385984,-0.21418740626983704,0.9007124230493473
8540.066553,4,0.9865276169776916,0.6540784377853284,0.6535182013958316,8540.068622-0 8540.064484-1,54.5001953475331,-39.51771692776869,201.91000180345162,19.885024481789927,14.315445223751578,-23.091361388437846,0.147975645212562,-0.2309911450299718,0.9616373013468583,-39.9952346587831,14.250235588480853,-23.238639031730848,0.37794296654385984,-0.21418740626983704,0.9007124230493473
8540.070541000001,5,0.99,0.6319437419185459,0.6870691637203763,8540.068622-0 8540.072460000001-1,70.21174664814461,-68.76527561107335,302.7554151901903,19.885024481789927,14.315445223751578,-23.091361388437846,0.147975645212562,-0.2309911450299718,0.9616373013468583,-39.9952346587831,14.250235588480853,-23.238639031730848,0.3113209316072196,-0.2478200414685594,0.9174227512928456
8540.0745255,5,0.99,0.6048418644078015,0.6841159954793531,8540.076591000001-0 8540.072460000001-1,38.43175391754781,-46.30831560042846,208.37628565146002,19.885024481789927,14.315445223751578,-23.091361388437846,0.07726521110059209,-0.24516025482036893,0.9663987461757143,-39.9952346587831,14.250235588480853,-23.238639031730848,0.3113209316072196,-0.2478200414685594,0.9174227512928456
8540.0785345,5,0.99,0.5848649828206174,0.7115337946010238,8540.076591000001-0 8540.080478-1,46.47021956605619,-76.32243199063645,307.5518442958707,19.885024481789927,14.315445223751578,-23.091361388437846,0.07726521110059209,-0.24516025482036893,0.9663987461757143,-39.9952346587831,14.250235588480853,-23.238639031730848,0.24444952208991547,-0.2744005522004227,0.930026219040149
8540.0825315,5,0.99,0.5579060084360312,0.7046671795290287,8540.084585-0 8540.080478-1,22.85297173907703,-52.10777500964517,217.0617321387544,19.885024481789927,14.315445223751578,-23.091361388437846,0.01187989982034764,-0.250190965191475,0.9681236227449553,-39.9952346587831,14.250235588480853,-23.238639031730848,0.24444952208991547,-0.2744005522004227,0.930026219040149
8540.086514,5,0.99,0.5387344308044067,0.7210008119900921,8540.084585-0 8540.088443-1,24.25408730834252,-84.34387165089737,330.0259177940262,19.885024481789927,14.315445223751578,-23.091361388437846,0.01187989982034764,-0.250190965191475,0.9681236227449553,-39.9952346587831,14.250235588480853,-23.238639031730848,0.17255129109974943,-0.2835664543477481,0.9433006508576448
8540.09046,5,0.99,0.5109692694640561,0.7156958903667636,8540.092477-0 8540.088443-1,6.289199374036023,-57.697618237283535,230.9979046082738,19.885024481789927,14.315445223751578,-23.091361388437846,-0.05143323586575038,-0.2568981072872241,0.9650689015405168,-39.9952346587831,14.250235588480853,-23.238639031730848,0.17255129109974943,-0.2835664543477481,0.9433006508576448
8540.0944385,5,0.99,0.4917392215620021,0.7250225175470437,8540.092477-0 8540.0964-1,-1.7806740813164357,-98.96194665745833,382.1989246503221,19.885024481789927,14.315445223751578,-23.091361388437846,-0.05143323586575038,-0.2568981072872241,0.9650689015405168,-39.9952346587831,14.250235588480853,-23.238639031730848,0.0904247427059365,-0.2797302426310889,0.9558108375950324
8540.0984995,5,0.99,0.46279613397335606,0.7159474632137777,8540.100599000001-0 8540.0964-1,-13.551522056908237,-64.37655899130031,257.2338615197063,19.885024481789927,14.315445223751578,-23.091361388437846,-0.11410098473540019,-0.25756554078596694,0.9595003686721773,-39.9952346587831,14.250235588480853,-23.238639031730848,0.0904247427059365,-0.2797302426310889,0.9558108375950324
8540.10253,5,0.99,0.4488611269273509,0.718442458879811,8540.100599000001-0 8540.104461-1,-30.195225032056296,-100.61591544578533,397.56026935929333,19.885024481789927,14.315445223751578,-23.091361388437846,-0.11410098473540019,-0.25756554078596694,0.9595003686721773,-39.9952346587831,14.250235588480853,-23.238639031730848,0.02246867858043302,-0.26754031551851326,0.9632846609674128
8540.106463,6,0.99,0.4206760439137819,0.7064529659632396,8540.108465000001-0 8540.104461-1,-33.17640243077551,-65.33688655893218,269.67011995146584,19.885024481789927,14.315445223751578,-23.091361388437846,-0.17227934918425059,-0.25319590784037915,0.9519514998662154,-39.9952346587831,14.250235588480853,-23.238639031730848,0.02246867858043302,-0.26754031551851326,0.9632846609674128
8540.110453000001,6,0.99,0.4106089925210112,0.7133857912091799,8540.108465000001-0 8540.112441000001-1,-53.8647877572579,-95.8619909099541,383.9575885063671,19.885024481789927,14.315445223751578,-23.091361388437846,-0.17227934918425059,-0.25319590784037915,0.9519514998662154,-39.9952346587831,14.250235588480853,-23.238639031730848,-0.032854764323436814,-0.2650637191266586,0.9636709963799862
8540.1144685,6,0.99,0.3883257999586721,0.7043730696069639,8540.116496-0 8540.112441000001-1,-50.4265703331292,-68.50721736898056,283.0272882601821,19.885024481789927,14.315445223751578,-23.091361388437846,-0.21646467511783624,-0.25062433977606935,0.9435732535092011,-39.9952346587831,14.250235588480853,-23.238639031730848,-0.032854764323436814,-0.2650637191266586,0.9636709963799862
8540.1184885,6,0.9512252163887024,0.3837555166517507,0.7053395507358311,8540.116496-0 8540.120481-1,-62.54290318644339,-81.7700156018532,336.04508727199425,19.885024481789927,14.315445223751578,-23.091361388437846,-0.21646467511783624,-0.25062433977606935,0.9435732535092011,-39.9952346587831,14.250235588480853,-23.238639031730848,-0.06051519384727989,-0.2594223447297521,0.9638661516873306
8540.122500500001,6,0.9196597039699554,0.37742361776120725,0.7083570179113681,8540.124520000001-0 8540.120481-1,-60.83235962691979,-76.11626063911075,308.39603830127044,19.885024481789927,14.315445223751578,-23.091361388437846,-0.22868405693014768,-0.2592092835348222,0.9383571545181147,-39.9952346587831,14.250235588480853,-23.238639031730848,-0.06051519384727989,-0.2594223447297521,0.9638661516873306
8540.126486500001,6,0.963434487581253,0.37737802610570614,0.7090777698469619,8540.124520000001-0 8540.128453000001-1,-60.95837938443597,-76.45539497353143,308.8617328098062,19.885024481789927,14.315445223751578,-23.091361388437846,-0.22868405693014768,-0.2592092835348222,0.9383571545181147,-39.9952346587831,14.250235588480853,-23.238639031730848,-0.06078404265024453,-0.2605500960577424,0.9635449899217965
8540.130500000001,6,1.0,0.3805691095983228,0.7187419984771585,8540.132547000001-0 8540.128453000001-1,-61.7965882958649,-82.62693537015369,321.4959599163493,19.885024481789927,14.315445223751578,-23.091361388437846,-0.22243804106263565,-0.27349348887696784,0.9358005286545423,-39.9952346587831,14.250235588480853,-23.238639031730848,-0.06078404265024453,-0.2605500960577424,0.9635449899217965
8540.134537000002,6,1.0,0.38025988568582036,0.7179854885999348,8540.132547000001-0 8540.136527-1,-62.7527778411613,-83.44453319925398,325.6126496823797,19.885024481789927,14.315445223751578,-23.091361388437846,-0.22243804106263565,-0.27349348887696784,0.9358005286545423,-39.9952346587831,14.250235588480853,-23.238639031730848,-0.06270999464369481,-0.2587968959876352,0.9638939896061978
8540.138701,7,0.9802004098892212,0.37541557108311,0.7210381860567865,8540.140875000001-0 8540.136527-1,-61.44574412277324,-79.27054228730721,305.19436758912707,19.885024481789927,14.315445223751578,-23.091361388437846,-0.23171243642587352,-0.28115310689809386,0.9312691755272127,-39.9952346587831,14.250235588480853,-23.238639031730848,-0.06270999464369481,-0.2587968959876352,0.9638939896061978
8540.142577,7,0.9802004098892212,0.3748994987631856,0.7209870819159976,8540.140875000001-0 8540.144279-1,-62.98903354306218,-80.89587100012949,311.46286197487854,19.885024481789927,14.315445223751578,-23.091361388437846,-0.23171243642587352,-0.28115310689809386,0.9312691755272127,-39.9952346587831,14.250235588480853,-23.238639031730848,-0.06595619333636218,-0.2578944060155895,0.9639192164836444
8540.1463625,7,0.938713014125824,0.36758605993904947,0.7256750727712034,8540.148446000001-0 8540.144279-1,-61.13313002712182,-75.26070309979004,283.8771432625224,19.885024481789927,14.315445223751578,-23.091361388437846,-0.24550414006373017,-0.29272183210257585,0.9241437367758759,-39.9952346587831,14.250235588480853,-23.238639031730848,-0.06595619333636218,-0.2578944060155895,0.9639192164836444
8540.150376500002,7,0.9004035592079163,0.36781543162086155,0.725452578143154,8540.148446000001-0 8540.152307-1,-60.496751087567745,-74.55225560624648,281.46723483569286,19.885024481789927,14.315445223751578,-23.091361388437846,-0.24550414006373017,-0.29272183210257585,0.9241437367758759,-39.9952346587831,14.250235588480853,-23.238639031730848,-0.06448387503781532,-0.25788888112253,0.9640203083200463
8540.154363000001,7,0.9402552843093872,0.36725637751311835,0.7316917588828012,8540.156419-0 8540.152307-1,-60.37858432514839,-75.74615250030695,279.21387401513067,19.885024481789927,14.315445223751578,-23.091361388437846,-0.2464519724565959,-0.30319726322205126,0.9205068412819708,-39.9952346587831,14.250235588480853,-23.238639031730848,-0.06448387503781532,-0.25788888112253,0.9640203083200463
8540.158358,7,0.951600968837738,0.36746153718181157,0.7300976006082276,8540.156419-0 8540.160297-1,-59.82394510893887,-74.74897982115499,277.22163599196995,19.885024481789927,14.315445223751578,-23.091361388437846,-0.2464519724565959,-0.30319726322205126,0.9205068412819708,-39.9952346587831,14.250235588480853,-23.238639031730848,-0.06317452315754556,-0.2555633748857375,0.9647260445540116
8540.1623715,7,0.924991101026535,0.36887797131920247,0.7326558000355048,8540.164446-0 8540.160297-1,-60.13397329590542,-76.67246093579104,281.76063025063456,19.885024481789927,14.315445223751578,-23.091361388437846,-0.24375490708483669,-0.306645477531178,0.920082657363858,-39.9952346587831,14.250235588480853,-23.238639031730848,-0.06317452315754556,-0.2555633748857375,0.9647260445540116
8540.166420000001,7,0.9519548714160919,0.36894521959232274,0.7333612999138126,8540.164446-0 8540.168394-1,-59.94968155259624,-76.66800442579469,281.0057281589577,19.885024481789927,14.315445223751578,-23.091361388437846,-0.24375490708483669,-0.306645477531178,0.920082657363858,-39.9952346587831,14.250235588480853,-23.238639031730848,-0.06274148534386238,-0.25683826099291523,0.9644156851207789
8540.170373,7,0.9424612522125244,0.37150592375282065,0.7389410256241212,8540.172352000001-0 8540.168394-1,-60.53085186210093,-80.56784358322443,289.485741103015,19.885024481789927,14.315445223751578,-23.091361388437846,-0.2388405265718556,-0.31445914340983444,0.9187331767128212,-39.9952346587831,14.250235588480853,-23.238639031730848,-0.06274148534386238,-0.25683826099291523,0.9644156851207789
8540.174363500002,8,0.9424612522125244,0.3716856364876114,0.7394630167531563,8540.172352000001-0 8540.176375000001-1,-60.031035545584515,-80.16305507895218,287.4951379523976,19.885024481789927,14.315445223751578,-23.091361388437846,-0.2388405265718556,-0.31445914340983444,0.9187331767128212,-39.9952346587831,14.250235588480853,-23.238639031730848,-0.06160131509318084,-0.25797526722480396,0.9641856872403166
8540.178361000002,8,0.9902687966823578,0.3728741798740249,0.7435378751921693,8540.180347000001-0 8540.176375000001-1,-60.305990071863164,-82.4540079750897,291.44943137745247,19.885024481789927,14.315445223751578,-23.091361388437846,-0.2365241517947514,-0.32051579949901277,0.9172382176344823,-39.9952346587831,14.250235588480853,-23.238639031730848,-0.06160131509318084,-0.25797526722480396,0.9641856872403166
8540.182390000002,8,0.9902687966823578,0.373240841074354,0.7436880776693797,8540.180347000001-0 8540.184433-1,-59.29341440860608,-81.355931409281,287.445585003131,19.885024481789927,14.315445223751578,-23.091361388437846,-0.2365241517947514,-0.32051579949901277,0.9172382176344823,-39.9952346587831,14.250235588480853,-23.238639031730848,-0.05928836039171784,-0.2587607260711197,0.9641202087733712
8540.1864965,8,0.9587233364582062,0.37561950548715356,0.7476823702860538,8540.18856-0 8540.184433-1,-59.826781950980944,-84.86091617589148,295.7594326959263,19.885024481789927,14.315445223751578,-23.091361388437846,-0.2319468841232994,-0.32586831382509,0.9165208590044667,-39.9952346587831,14.250235588480853,-23.238639031730848,-0.05928836039171784,-0.2587607260711197,0.9641202087733712
8540.190485000001,8,0.9587233364582062,0.3758588162491039,0.7478939937868427,8540.18856-0 8540.192410000001-1,-59.16364080079208,-84.14889027495218,293.07744391049886,19.885024481789927,14.315445223751578,-23.091361388437846,-0.2319468841232994,-0.32586831382509,0.9165208590044667,-39.9952346587831,14.250235588480853,-23.238639031730848,-0.05779245179094145,-0.25945474775949146,0.9640245154460806
8540.194467000001,8,0.9738647937774658,0.37809345208921163,0.749125465594991,8540.196524-0 8540.192410000001-1,-59.66810083207993,-86.85015514150908,301.36642364838673,19.885024481789927,14.315445223751578,-23.091361388437846,-0.22767120030119667,-0.32680181735447933,0.9172602666240491,-39.9952346587831,14.250235588480853,-23.238639031730848,-0.05779245179094145,-0.25945474775949146,0.9640245154460806
8540.198572000001,8,0.9738647937774658,0.37817764106194734,0.7496300245244489,8540.196524-0 8540.200620000001-1,-59.43262108246259,-86.71507345057432,300.36314853869476,19.885024481789927,14.315445223751578,-23.091361388437846,-0.22767120030119667,-0.32680181735447933,0.9172602666240491,-39.9952346587831,14.250235588480853,-23.238639031730848,-0.057271403662557605,-0.26041604423418246,0.9637963842160547
8540.202548000001,8,0.9782682657241821,0.3794089315981911,0.7484173139611618,8540.204476-0 8540.200620000001-1,-59.716121055818085,-87.70634517009927,305.2356774140993,19.885024481789927,14.315445223751578,-23.091361388437846,-0.2253384515398556,-0.3242292597719461,0.9187480445504937,-39.9952346587831,14.250235588480853,-23.238639031730848,-0.057271403662557605,-0.26041604423418246,0.9637963842160547
8540.2064305,9,0.9782682657241821,0.3795209118647506,0.7485515618487831,8540.204476-0 8540.208385-1,-59.3993541676702,-87.36506621732899,303.9122012507998,19.885024481789927,14.315445223751578,-23.091361388437846,-0.2253384515398556,-0.3242292597719461,0.9187480445504937,-39.9952346587831,14.250235588480853,-23.238639031730848,-0.05657914903800799,-0.2607980500914801,0.9637339762416892
8540.21045,9,0.9377886056900024,0.37800582916642606,0.7440108341082143,8540.212515000001-0 8540.208385-1,-59.0525522896506,-84.43039848196939,298.41366344188174,19.885024481789927,14.315445223751578,-23.091361388437846,-0.22830961715434753,-0.317544233215026,0.9203479660795237,-39.9952346587831,14.250235588480853,-23.238639031730848,-0.05657914903800799,-0.2607980500914801,0.9637339762416892
8540.2144585,9,0.9377886056900024,0.37805202245361763,0.7457173758077177,8540.212515000001-0 8540.216402-1,-58.925435870069215,-84.7680698617867,297.76504590483154,19.885024481789927,14.315445223751578,-23.091361388437846,-0.22830961715434753,-0.317544233215026,0.9203479660795237,-39.9952346587831,14.250235588480853,-23.238639031730848,-0.05629029000172306,-0.26370983921663094,0.962958215060166
8540.2184385,9,0.9650939702987671,0.37661712619648374,0.7454791250048489,8540.220475-0 8540.216402-1,-58.615210533315235,-83.22914087915667,292.4786829919867,19.885024481789927,14.315445223751578,-23.091361388437846,-0.23104567665983594,-0.3178528386996342,0.9195583006136059,-39.9952346587831,14.250235588480853,-23.238639031730848,-0.05629029000172306,-0.26370983921663094,0.962958215060166
8540.222438,9,0.9650939702987671,0.37681445181829565,0.7465784422302014,8540.220475-0 8540.224401000001-1,-58.083386773634366,-82.91758101241993,290.2477184265772,19.885024481789927,14.315445223751578,-23.091361388437846,-0.23104567665983594,-0.3178528386996342,0.9195583006136059,-39.9952346587831,14.250235588480853,-23.238639031730848,-0.055058044458965866,-0.26582026472861026,0.9624490628599346
8540.226472000002,9,0.9309222400188446,0.37777407323003526,0.743264293659923,8540.228543000001-0 8540.224401000001-1,-58.27945916812581,-82.94991737668092,293.9563593583937,19.885024481789927,14.315445223751578,-23.091361388437846,-0.22927244842974046,-0.3119715669179892,0.9220129531767797,-39.9952346587831,14.250235588480853,-23.238639031730848,-0.055058044458965866,-0.26582026472861026,0.9624490628599346
8540.230478000001,9,0.9309222400188446,0.37812551958415824,0.7429157438513866,8540.228543000001-0 8540.232413-1,-57.34230893583856,-81.76577923378628,290.15993679240523,19.885024481789927,14.315445223751578,-23.091361388437846,-0.22927244842974046,-0.3119715669179892,0.9220129531767797,-39.9952346587831,14.250235588480853,-23.238639031730848,-0.05287801610673124,-0.2657432094958936,0.9625925732205907
8540.234462,9,0.9451719522476196,0.37964906167941204,0.7440231627321596,8540.236511000001-0 8540.232413-1,-57.647554878863986,-83.60385610119371,295.6300970487856,19.885024481789927,14.315445223751578,-23.091361388437846,-0.22635063388233928,-0.3130357191319289,0.9223741264197621,-39.9952346587831,14.250235588480853,-23.238639031730848,-0.05287801610673124,-0.2657432094958936,0.9625925732205907
8540.2384475,10,0.9451719522476196,0.37977333450421125,0.7452762763965655,8540.236511000001-0 8540.240384-1,-57.31486763925869,-83.5637027278477,294.16040696523214,19.885024481789927,14.315445223751578,-23.091361388437846,-0.22635063388233928,-0.3130357191319289,0.9223741264197621,-39.9952346587831,14.250235588480853,-23.238639031730848,-0.052105272727504384,-0.2680048827757299,0.9620074965208743
8540.242434,10,0.9492677450180054,0.3806565983604009,0.7470189371582869,8540.244484-0 8540.240384-1,-57.49351599161354,-84.96956640513737,297.31483468262434,19.885024481789927,14.315445223751578,-23.091361388437846,-0.22463597628287338,-0.31545728713525184,0.9219682088622729,-39.9952346587831,14.250235588480853,-23.238639031730848,-0.052105272727504384,-0.2680048827757299,0.9620074965208743
8540.246436000001,10,0.9492677450180054,0.3811087553324632,0.7482428823107213,8540.244484-0 8540.248388-1,-56.300669658308685,-83.88033339411624,292.25582846374255,19.885024481789927,14.315445223751578,-23.091361388437846,-0.22463597628287338,-0.31545728713525184,0.9219682088622729,-39.9952346587831,14.250235588480853,-23.238639031730848,-0.049319967894774545,-0.2706704562898867,0.9614078452242227
8540.250451,10,0.9848203957080841,0.3803693230798933,0.7497775705697179,8540.252514-0 8540.248388-1,-56.16520194628613,-83.5616342666545,289.48478064853515,19.885024481789927,14.315445223751578,-23.091361388437846,-0.22602457130914524,-0.3183180944329399,0.9206446023961141,-39.9952346587831,14.250235588480853,-23.238639031730848,-0.049319967894774545,-0.2706704562898867,0.9614078452242227
8540.254461,10,0.9499920010566711,0.3807033016868146,0.7499426926311916,8540.252514-0 8540.256408000001-1,-55.317182760121575,-82.58657990381036,285.96753456613567,19.885024481789927,14.315445223751578,-23.091361388437846,-0.22602457130914524,-0.3183180944329399,0.9206446023961141,-39.9952346587831,14.250235588480853,-23.238639031730848,-0.047266257412662445,-0.2714031280395116,0.9613044486532706
8540.2584595,10,0.9327925741672516,0.3818742230477633,0.7492752128817615,8540.260511-0 8540.256408000001-1,-55.5200327208257,-83.56565432326578,290.15227442628384,19.885024481789927,14.315445223751578,-23.091361388437846,-0.22380003579168425,-0.31666961655202785,0.9217558776229379,-39.9952346587831,14.250235588480853,-23.238639031730848,-0.047266257412662445,-0.2714031280395116,0.9613044486532706
8540.262458500001,10,0.9676209688186646,0.3825549445171764,0.7507541698988685,8540.260511-0 8540.264406-1,-53.83152293656152,-81.91694625926607,282.98841513686284,19.885024481789927,14.315445223751578,-23.091361388437846,-0.22380003579168425,-0.31666961655202785,0.9217558776229379,-39.9952346587831,14.250235588480853,-23.238639031730848,-0.043098806271617225,-0.2747827832121594,0.9605399080455436
8540.266414000002,10,0.9609931409358978,0.383633531747829,0.7535062517615452,8540.268422000001-0 8540.264406-1,-53.99977304215753,-83.7264669100393,286.5215275852689,19.885024481789927,14.315445223751578,-23.091361388437846,-0.22169965249399218,-0.3206458608453021,0.9208884275561389,-39.9952346587831,14.250235588480853,-23.238639031730848,-0.043098806271617225,-0.2747827832121594,0.9605399080455436
8540.2704095,10,0.9505202770233154,0.3837585367006538,0.7545939794419808,8540.268422000001-0 8540.272397-1,-53.694299095308786,-83.643577298087,285.15173391869064,19.885024481789927,14.315445223751578,-23.091361388437846,-0.22169965249399218,-0.3206458608453021,0.9208884275561389,-39.9952346587831,14.250235588480853,-23.238639031730848,-0.042333800760984315,-0.2767534021813914,0.9600080227238491
8540.2744585,11,0.9140449464321136,0.38521715117302424,0.7567584104640107,8540.276520000001-0 8540.272397-1,-53.921961264306745,-85.71990897691003,290.1417099058224,19.885024481789927,14.315445223751578,-23.091361388437846,-0.21887471036777534,-0.32349401885134693,0.9205680208049954,-39.9952346587831,14.250235588480853,-23.238639031730848,-0.042333800760984315,-0.2767534021813914,0.9600080227238491
8540.278471000001,11,0.924517810344696,0.38605529753203716,0.7580712154159761,8540.276520000001-0 8540.280422-1,-51.91944555994209,-83.5278532747177,281.49643474405923,19.885024481789927,14.315445223751578,-23.091361388437846,-0.21887471036777534,-0.32349401885134693,0.9205680208049954,-39.9952346587831,14.250235588480853,-23.238639031730848,-0.03726722483338457,-0.28001886947340693,0.9592708620051237
8540.282489000001,11,0.951494961977005,0.3881900398902426,0.7589479725854215,8540.284556-0 8540.280422-1,-52.20757833753969,-85.9195444273559,288.85137373286386,19.885024481789927,14.315445223751578,-23.091361388437846,-0.21476516596151007,-0.3239380572738453,0.9213794324485283,-39.9952346587831,14.250235588480853,-23.238639031730848,-0.03726722483338457,-0.28001886947340693,0.9592708620051237
8540.286477000001,11,0.951494961977005,0.38870486482930106,0.7606281733232734,8540.284556-0 8540.288398-1,-51.00805836751965,-84.8096694816418,283.5023153165194,19.885024481789927,14.315445223751578,-23.091361388437846,-0.21476516596151007,-0.3239380572738453,0.9213794324485283,-39.9952346587831,14.250235588480853,-23.238639031730848,-0.034179274874041064,-0.28345770323748126,0.958375452338183
8540.2904565,11,0.9676041007041931,0.3907407274380309,0.7646083405708293,8540.292515000001-0 8540.288398-1,-51.26412488250091,-88.01372263508591,290.36978645033844,19.885024481789927,14.315445223751578,-23.091361388437846,-0.2107885380477899,-0.3294996215039935,0.9203250467396835,-39.9952346587831,14.250235588480853,-23.238639031730848,-0.034179274874041064,-0.28345770323748126,0.958375452338183
8540.2944555,11,0.9676041007041931,0.3913519190684486,0.7666582066132241,8540.292515000001-0 8540.296396-1,-49.86713558677141,-86.68004389086241,284.0201091304183,19.885024481789927,14.315445223751578,-23.091361388437846,-0.2107885380477899,-0.3294996215039935,0.9203250467396835,-39.9952346587831,14.250235588480853,-23.238639031730848,-0.03054611618507697,-0.2876052130721379,0.9572618117316379
8540.2984665,11,0.9900965094566345,0.39517469239201536,0.7666510551405219,8540.300537000001-0 8540.296396-1,-50.308506558849814,-90.809232780674,297.8682756808545,19.885024481789927,14.315445223751578,-23.091361388437846,-0.2033825383531623,-0.327776229499062,0.9226040789354891,-39.9952346587831,14.250235588480853,-23.238639031730848,-0.03054611618507697,-0.2876052130721379,0.9572618117316379
8540.3025295,11,0.9900965094566345,0.3958135533960919,0.7672636863112312,8540.300537000001-0 8540.304522-1,-48.855794238471205,-88.92831100120024,291.13978725567245,19.885024481789927,14.315445223751578,-23.091361388437846,-0.2033825383531623,-0.327776229499062,0.9226040789354891,-39.9952346587831,14.250235588480853,-23.238639031730848,-0.026804257722591186,-0.2893893485789987,0.956836107542438
8540.306513,12,0.9720372259616852,0.39683299827874075,0.7711898531944709,8540.308504-0 8540.304522-1,-48.960458547840666,-91.15615670775395,294.5692921256351,19.885024481789927,14.315445223751578,-23.091361388437846,-0.2013488465797123,-0.33373182827454834,0.9209135186202594,-39.9952346587831,14.250235588480853,-23.238639031730848,-0.026804257722591186,-0.2893893485789987,0.956836107542438
8540.310494000001,12,0.9720372259616852,0.3976115640896637,0.7726510531616821,8540.308504-0 8540.312484-1,-47.258294918979985,-89.09477059529614,286.55447411249895,19.885024481789927,14.315445223751578,-23.091361388437846,-0.2013488465797123,-0.33373182827454834,0.9209135186202594,-39.9952346587831,14.250235588480853,-23.238639031730848,-0.022272646439789122,-0.2927173519291407,0.9559395802560746
8540.314499,12,0.9655897319316864,0.39907242581705693,0.7736641791655613,8540.316514-0 8540.312484-1,-47.38027638062549,-90.97456089378481,291.7184804995244,19.885024481789927,14.315445223751578,-23.091361388437846,-0.19849077537830756,-0.3347469841580711,0.9211654947330551,-39.9952346587831,14.250235588480853,-23.238639031730848,-0.022272646439789122,-0.2927173519291407,0.9559395802560746
8540.318500500001,12,0.9655897319316864,0.39971068965770834,0.7752529369028608,8540.316514-0 8540.320487-1,-45.9978567996173,-89.34843024266922,285.0331728004462,19.885024481789927,14.315445223751578,-23.091361388437846,-0.19849077537830756,-0.3347469841580711,0.9211654947330551,-40.02634350115643,14.270640148378236,-23.547665632068874,-0.018410479328646215,-0.2958689483807065,0.9550511083889617
8540.3225015,12,0.9786032736301422,0.4005324820770193,0.7742989255469503,8540.324516-0 8540.320487-1,-46.05440748918839,-89.97713354487617,288.0153652884834,19.885024481789927,14.315445223751578,-23.091361388437846,-0.19690095553709752,-0.3328407976862051,0.922196842926817,-40.02634350115643,14.270640148378236,-23.547665632068874,-0.018410479328646215,-0.2958689483807065,0.9550511083889617
8540.326463500001,12,0.9786032736301422,0.4016889725406815,0.7782648795075082,8540.324516-0 8540.328411-1,-43.7411664214338,-87.57381441769417,276.72782302514867,19.885024481789927,14.315445223751578,-23.091361388437846,-0.19690095553709752,-0.3328407976862051,0.922196842926817,-40.02634350115643,14.270640148378236,-23.547665632068874,-0.011771133299036793,-0.30368570049142973,0.9526995516624779
8540.330465000001,12,0.9519908428192139,0.4041515991760852,0.7778965722103147,8540.332519000001-0 8540.328411-1,-43.84499338065933,-90.07252663228815,285.14490413057064,19.885024481789927,14.315445223751578,-23.091361388437846,-0.19209752256891005,-0.33120170187074144,0.9237986655656153,-40.02634350115643,14.270640148378236,-23.547665632068874,-0.011771133299036793,-0.30368570049142973,0.9526995516624779
8540.334516,12,0.9519908428192139,0.40515380485181696,0.7789472659187802,8540.332519000001-0 8540.336513-1,-41.93780751664512,-87.39791954373479,275.78446227915964,19.885024481789927,14.315445223751578,-23.091361388437846,-0.19209752256891005,-0.33120170187074144,0.9237986655656153,-40.02634350115643,14.270640148378236,-23.547665632068874,-0.006095892742641824,-0.30648758684557875,0.9518551356174132
8540.338475,13,0.9914229214191437,0.40637571881110623,0.7832513367546661,8540.340437-0 8540.336513-1,-41.960276759881665,-89.80973431062544,279.49466023424577,19.885024481789927,14.315445223751578,-23.091361388437846,-0.18965799115851012,-0.33769236119468016,0.9219510375179801,-40.02634350115643,14.270640148378236,-23.547665632068874,-0.006095892742641824,-0.30648758684557875,0.9518551356174132
8540.342424,13,0.9914229214191437,0.4068762361853073,0.7846976642647958,8540.340437-0 8540.344411-1,-41.04364609203721,-88.73054501988702,274.86794546795113,19.885024481789927,14.315445223751578,-23.091361388437846,-0.18965799115851012,-0.33769236119468016,0.9219510375179801,-40.02634350115643,14.270640148378236,-23.547665632068874,-0.0032787787732222184,-0.3093822339286081,0.9509321126868628
8540.3468,13,0.9881947636604309,0.40711616954405977,0.7850847166941202,8540.349189-0 8540.344411-1,-41.04603723436615,-89.08152510271881,275.6231361480394,19.885024481789927,14.315445223751578,-23.091361388437846,-0.1891839703657545,-0.33822304789326957,0.921853890391767,-40.02634350115643,14.270640148378236,-23.547665632068874,-0.0032787787732222184,-0.3093822339286081,0.9509321126868628
8540.3507855,13,0.9881947636604309,0.40798310806722515,0.7874603794293884,8540.349189-0 8540.352382000001-1,-39.52324578290886,-87.24633058939102,267.92534870265234,19.885024481789927,14.315445223751578,-23.091361388437846,-0.1891839703657545,-0.33822304789326957,0.921853890391767,-40.02634350115643,14.270640148378236,-23.547665632068874,0.0015797704855403417,-0.3141536932039528,0.9493708239521212
8540.354418,13,0.9900869429111481,0.4081649058936418,0.7886451751509532,8540.356454-0 8540.352382000001-1,-39.52124765132733,-87.73069256322088,268.39410032072306,19.885024481789927,14.315445223751578,-23.091361388437846,-0.18881572134322774,-0.3400703889911226,0.9212495611423991,-40.02634350115643,14.270640148378236,-23.547665632068874,0.0015797704855403417,-0.3141536932039528,0.9493708239521212
8540.3584295,13,0.9900869429111481,0.40910848418887574,0.7892987896318817,8540.356454-0 8540.360405000001-1,-37.95547145491912,-85.34889099833458,260.61474611336166,19.885024481789927,14.315445223751578,-23.091361388437846,-0.18881572134322774,-0.3400703889911226,0.9212495611423991,-40.02634350115643,14.270640148378236,-23.547665632068874,0.006826243097395225,-0.316146233434602,0.9486859129818939
8540.362400500002,13,0.9905174672603607,0.41166010125440466,0.7926947544744223,8540.364396-0 8540.360405000001-1,-37.8967561226446,-88.71427758056264,268.1095059117754,19.885024481789927,14.315445223751578,-23.091361388437846,-0.1837866057703626,-0.34455831602599285,0.9205987455980706,-40.02634350115643,14.270640148378236,-23.547665632068874,0.006826243097395225,-0.316146233434602,0.9486859129818939
8540.366377,13,0.9905174672603607,0.4127046789051441,0.7943969873195575,8540.364396-0 8540.368358-1,-36.233740182892845,-86.32809192138814,259.5450555577735,19.885024481789927,14.315445223751578,-23.091361388437846,-0.1837866057703626,-0.34455831602599285,0.9205987455980706,-40.02634350115643,14.270640148378236,-23.547665632068874,0.012569755327152935,-0.31991164353199597,0.9473639963518103
8540.3703665,13,0.9839979112148285,0.414415250198436,0.7953704407342543,8540.372375-0 8540.368358-1,-36.16500166364992,-88.25097345500245,264.605254519346,19.885024481789927,14.315445223751578,-23.091361388437846,-0.18041992582251826,-0.34547101029732463,0.9209225979474837,-40.02634350115643,14.270640148378236,-23.547665632068874,0.012569755327152935,-0.31991164353199597,0.9473639963518103
8540.3743955,14,0.9839979112148285,0.4154726787323262,0.7987463534749182,8540.372375-0 8540.376416000001-1,-34.563933006552446,-86.30258736301633,256.0710188474011,19.885024481789927,14.315445223751578,-23.091361388437846,-0.18041992582251826,-0.34547101029732463,0.9209225979474837,-40.02634350115643,14.270640148378236,-23.547665632068874,0.018335894989202982,-0.3263784093560283,0.9450613360312514
8540.378338,14,0.9474387168884277,0.4155146444014875,0.8069070577324716,8540.38026-0 8540.376416000001-1,-34.55339534219314,-88.33061484589174,255.4902336699006,19.885024481789927,14.315445223751578,-23.091361388437846,-0.18025370262886278,-0.35860270518243,0.9159217775140127,-40.02634350115643,14.270640148378236,-23.547665632068874,0.018335894989202982,-0.3263784093560283,0.9450613360312514
8540.382341,14,0.9474387168884277,0.41618638543994424,0.8155214605938911,8540.38026-0 8540.384422000001-1,-33.58408393792334,-88.66700072481906,249.806983818417,19.885024481789927,14.315445223751578,-23.091361388437846,-0.18025370262886278,-0.35860270518243,0.9159217775140127,-40.02634350115643,14.270640148378236,-23.547665632068874,0.022007390742927443,-0.340949255647303,0.9398240685501932
8540.386464000001,14,1.0,0.41282438003947447,0.8271173223080175,8540.388506000001-0 8540.384422000001-1,-33.78076457219633,-88.21554575357854,239.84137821847827,19.885024481789927,14.315445223751578,-23.091361388437846,-0.18668115110990818,-0.3783030705718106,0.9066625252078192,-40.02634350115643,14.270640148378236,-23.547665632068874,0.022007390742927443,-0.340949255647303,0.9398240685501932
8540.3905405,14,0.9559247195720673,0.41217687309386,0.8420778198721987,8540.388506000001-0 8540.392575-1,-34.682806777458815,-93.40510446566088,243.02420202465623,19.885024481789927,14.315445223751578,-23.091361388437846,-0.18668115110990818,-0.3783030705718106,0.9066625252078192,-40.02634350115643,14.270640148378236,-23.547665632068874,0.018545034296837938,-0.36473412062405836,0.9309270126897835
8540.394541000001,14,0.9559247195720673,0.40813284527158994,0.853690549299155,8540.396507000001-0 8540.392575-1,-34.873457787162266,-92.16151455791675,231.732782477851,19.885024481789927,14.315445223751578,-23.091361388437846,-0.19436490114174243,-0.3980173454087883,0.8965514363146724,-40.02634350115643,14.270640148378236,-23.547665632068874,0.018545034296837938,-0.36473412062405836,0.9309270126897835
8540.398492,14,1.0,0.4077698304269076,0.8638207170056567,8540.396507000001-0 8540.400477000001-1,-35.382279519384625,-95.4400054774145,233.2283933531819,19.885024481789927,14.315445223751578,-23.091361388437846,-0.19436490114174243,-0.3980173454087883,0.8965514363146724,-40.02634350115643,14.270640148378236,-23.547665632068874,0.016580113631131307,-0.38088150621378203,0.9244751906115704
8540.4024585,14,1.0,0.404456187396217,0.8709850415831443,8540.40444-0 8540.400477000001-1,-35.515287440944306,-93.86512636969408,224.68704574242167,19.885024481789927,14.315445223751578,-23.091361388437846,-0.20062359143794145,-0.41025878047922876,0.8896279602160883,-40.02634350115643,14.270640148378236,-23.547665632068874,0.016580113631131307,-0.38088150621378203,0.9244751906115704
8540.4084495,15,1.0,0.4063619239795198,0.875788710284728,8540.40444-0 8540.412459000001-1,-32.99420747736694,-90.09802706291674,212.95302659570325,19.885024481789927,14.315445223751578,-23.091361388437846,-0.20062359143794145,-0.41025878047922876,0.8896279602160883,-40.02634350115643,14.270640148378236,-23.547665632068874,0.027132194089234563,-0.3895403195603739,0.9206096803101225
8540.412503,15,1.0,0.4081864983635383,0.8849237948278688,8540.412547-0 8540.412459000001-1,-32.87170973664887,-93.61693526658246,215.9560867121656,19.885024481789927,14.315445223751578,-23.091361388437846,-0.1970544240672204,-0.42423776571717026,0.8838505937627917,-40.02634350115643,14.270640148378236,-23.547665632068874,0.027132194089234563,-0.3895403195603739,0.9206096803101225
8540.416493,15,1.0,0.4100314669937696,0.8874906979916029,8540.412547-0 8540.420439000001-1,-30.64664208130802,-89.70910128064489,205.6133164243568,19.885024481789927,14.315445223751578,-23.091361388437846,-0.1970544240672204,-0.42423776571717026,0.8838505937627917,-40.02634350115643,14.270640148378236,-23.547665632068874,0.0371622006702698,-0.39440267942364976,0.9181859818712049
8540.420467,15,1.0,0.41232601687551923,0.8918401417250763,8540.420495-0 8540.420439000001-1,-30.45706201233989,-92.5487671657024,209.78653193576847,19.885024481789927,14.315445223751578,-23.091361388437846,-0.19264457780681074,-0.43057444526219457,0.8817560398028408,-40.02634350115643,14.270640148378236,-23.547665632068874,0.0371622006702698,-0.39440267942364976,0.9181859818712049
8540.4245185,15,1.0,0.4134837828983586,0.8910221802431045,8540.420495-0 8540.428542000001-1,-29.151381789266043,-89.6807194294731,203.78578213767952,19.885024481789927,14.315445223751578,-23.091361388437846,-0.19264457780681074,-0.43057444526219457,0.8817560398028408,-40.02634350115643,14.270640148378236,-23.547665632068874,0.04335862355420632,-0.393519209230915,0.9182933418738046
8540.4285605,15,1.0,0.4155119671130018,0.8883184050280649,8540.428579000001-0 8540.428542000001-1,-28.966433037828125,-90.8406029415539,208.01771435792574,19.885024481789927,14.315445223751578,-23.091361388437846,-0.18880940706499205,-0.42592526729017627,0.8848382193867748,-40.02634350115643,14.270640148378236,-23.547665632068874,0.04335862355420632,-0.393519209230915,0.9182933418738046
8540.4325755,15,1.0,0.4164689383723135,0.8864297478693599,8540.428579000001-0 8540.436572-1,-27.934397608061776,-88.29740769554769,203.26535307351486,19.885024481789927,14.315445223751578,-23.091361388437846,-0.18880940706499205,-0.42592526729017627,0.8848382193867748,-40.02634350115643,14.270640148378236,-23.547665632068874,0.04842046497067214,-0.3908661832783874,0.9191730442856829
8540.436594,15,1.0,0.4223696051811066,0.886478117665129,8540.436616-0 8540.436572-1,-27.30571545612448,-93.3758824227078,215.20591634704152,19.885024481789927,14.315445223751578,-23.091361388437846,-0.17746926652879622,-0.42475782137833323,0.887741771359027,-40.02634350115643,14.270640148378236,-23.547665632068874,0.04842046497067214,-0.3908661832783874,0.9191730442856829
8540.440560000001,16,1.0,0.4225009861655377,0.8886671707851459,8540.436616-0 8540.444504000001-1,-27.165384308769667,-93.52989975078475,214.30591940332275,19.885024481789927,14.315445223751578,-23.091361388437846,-0.17746926652879622,-0.42475782137833323,0.887741771359027,-40.02634350115643,14.270640148378236,-23.547665632068874,0.049105035988007875,-0.3944204762954175,0.9176171223988318
8540.444515000001,16,1.0,0.42431465671329943,0.8918636022698527,8540.444526000001-0 8540.444504000001-1,-26.95241546065902,-95.88309419183001,217.91323028760922,19.885024481789927,14.315445223751578,-23.091361388437846,-0.17391836963674712,-0.4294162084429643,0.8862020766334078,-40.02634350115643,14.270640148378236,-23.547665632068874,0.049105035988007875,-0.3944204762954175,0.9176171223988318
8540.448547,16,1.0,0.4255255394127392,0.8923181973370201,8540.444526000001-0 8540.452568-1,-25.68522097517483,-93.07312594191265,211.3231961168138,19.885024481789927,14.315445223751578,-23.091361388437846,-0.17391836963674712,-0.4294162084429643,0.8862020766334078,-40.02634350115643,14.270640148378236,-23.547665632068874,0.05535445958240078,-0.39556782864612683,0.9167671333247767
8540.4525835,16,1.0,0.4288129368027308,0.8944163649061689,8540.452599-0 8540.452568-1,-25.25811999995518,-96.55587359276161,218.15312139117302,19.885024481789927,14.315445223751578,-23.091361388437846,-0.16749412955979032,-0.4320639102360649,0.8861526358559961,-40.02634350115643,14.270640148378236,-23.547665632068874,0.05535445958240078,-0.39556782864612683,0.9167671333247767
8540.45658,16,1.0,0.4296293253285188,0.8957623351604801,8540.452599-0 8540.460561-1,-24.436569525318234,-94.87501120057456,213.62552604723993,19.885024481789927,14.315445223751578,-23.091361388437846,-0.16749412955979032,-0.4320639102360649,0.8861526358559961,-40.02634350115643,14.270640148378236,-23.547665632068874,0.05951081551033101,-0.3979894974676204,0.9154577121542898
8540.46056,16,1.0,0.43210531693734566,0.8942461394905946,8540.460559000001-0 8540.460561-1,-24.08797157926153,-96.90037894545742,219.1652998708767,19.885024481789927,14.315445223751578,-23.091361388437846,-0.16265625458718377,-0.4291993116324986,0.8884429603175763,-40.02634350115643,14.270640148378236,-23.547665632068874,0.05951081551033101,-0.3979894974676204,0.9154577121542898
8540.464615,16,1.0,0.4369890009044271,0.8984018897819588,8540.468669-0 8540.460561-1,-23.339602235386415,-102.8033221755185,230.171690603051,19.885024481789927,14.315445223751578,-23.091361388437846,-0.15295966472898256,-0.4348229238589978,0.8874302033696561,-40.02634350115643,14.270640148378236,-23.547665632068874,0.05951081551033101,-0.3979894974676204,0.9154577121542898
8540.4686725,16,1.0,0.4372118249629934,0.9005889932629267,8540.468669-0 8540.468676-1,-23.116107850948755,-102.71069214422823,228.65252635533875,19.885024481789927,14.315445223751578,-23.091361388437846,-0.15295966472898256,-0.4348229238589978,0.8874302033696561,-40.02634350115643,14.270640148378236,-23.547665632068874,0.060622855114021074,-0.40158430467224066,0.9138133921533093
8540.4745585,17,1.0,0.4371816376776553,0.9064470803807003,8540.480441-0 8540.468676-1,-23.11445523013687,-103.97739458958984,227.94778063830552,19.885024481789927,14.315445223751578,-23.091361388437846,-0.1529693218385936,-0.44408424537468416,0.8828304308224981,-40.02634350115643,14.270640148378236,-23.547665632068874,0.060622855114021074,-0.40158430467224066,0.9138133921533093
8540.478510500001,17,1.0,0.4365713041739154,0.9142069905899165,8540.480441-0 8540.47658-1,-23.742932481187793,-107.46832121112972,230.87953943608812,19.885024481789927,14.315445223751578,-23.091361388437846,-0.1529693218385936,-0.44408424537468416,0.8828304308224981,-40.02634350115643,14.270640148378236,-23.547665632068874,0.057551638930470675,-0.41394899759035303,0.9084789685239604
8540.482467,17,1.0,0.4379829777428407,0.9249643432956494,8540.480441-0 8540.484493-1,-22.33640841315533,-106.01455258922499,221.61043576260437,19.885024481789927,14.315445223751578,-23.091361388437846,-0.1529693218385936,-0.44408424537468416,0.8828304308224981,-40.02634350115643,14.270640148378236,-23.547665632068874,0.0646059568327125,-0.4315190408584876,0.899787412513812
8540.486455,17,1.0,0.440735603019339,0.9336483101818733,8540.488417-0 8540.484493-1,-21.859234830915625,-111.04020487239396,227.16454649727407,19.885024481789927,14.315445223751578,-23.091361388437846,-0.1474242575579695,-0.457476058464249,0.8769160417140835,-40.02634350115643,14.270640148378236,-23.547665632068874,0.0646059568327125,-0.4315190408584876,0.899787412513812
8540.4904855,17,1.0,0.44238804824717864,0.9418574633572138,8540.488417-0 8540.492554-1,-20.321542966998216,-108.29772318188718,217.09065467154772,19.885024481789927,14.315445223751578,-23.091361388437846,-0.1474242575579695,-0.457476058464249,0.8769160417140835,-40.02634350115643,14.270640148378236,-23.547665632068874,0.07273354684174238,-0.44485947446001517,0.8926420778492234
8540.494576000001,17,1.0,0.444925642325747,0.9526435892704296,8540.496598-0 8540.492554-1,-19.836049503813918,-113.53993873537343,221.6645533332909,19.885024481789927,14.315445223751578,-23.091361388437846,-0.1422802406620669,-0.47426473672127506,0.8688091232369994,-40.02634350115643,14.270640148378236,-23.547665632068874,0.07273354684174238,-0.44485947446001517,0.8926420778492234
8540.498574500001,17,1.0,0.44735992814310865,0.9560888067109049,8540.496598-0 8540.500551000001-1,-17.773154294332343,-107.70844781713575,208.57504017479644,19.885024481789927,14.315445223751578,-23.091361388437846,-0.1422802406620669,-0.47426473672127506,0.8688091232369994,-40.02634350115643,14.270640148378236,-23.547665632068874,0.08448917938381982,-0.45042736040495923,0.8888063746202937
8540.5026445,17,1.0,0.4484202478697049,0.9579479770647916,8540.504738000001-0 8540.500551000001-1,-17.56053665076763,-109.26348069381609,210.65246318256322,19.892022034820123,14.312151919662202,-23.296680880004153,-0.1400966280588936,-0.4767783119119023,0.8677876330629313,-40.02634350115643,14.270640148378236,-23.547665632068874,0.08448917938381982,-0.45042736040495923,0.8888063746202937
8540.5066085,18,1.0,0.4486902766038464,0.9574452356706037,8540.504738000001-0 8540.508479-1,-17.345398942887464,-108.45326800384828,209.35720256381353,19.892022034820123,14.312151919662202,-23.296680880004153,-0.1400966280588936,-0.4767783119119023,0.8677876330629313,-40.02634350115643,14.270640148378236,-23.547665632068874,0.08578140236906817,-0.4496223125240241,0.8890901681427733
8540.5105625,18,1.0,0.44841953958823,0.9592851226246171,8540.512646000001-0 8540.508479-1,-17.39941469194082,-108.54290582311322,208.57665391837205,19.892022034820123,14.312151919662202,-23.296680880004153,-0.14062711409608722,-0.4796807472444877,0.8661006843918182,-40.02634350115643,14.270640148378236,-23.547665632068874,0.08578140236906817,-0.4496223125240241,0.8890901681427733
8540.514596500001,18,1.0,0.4488399456525934,0.962413351575374,8540.512646000001-0 8540.516547000001-1,-17.071044323052888,-108.13057362255884,206.20863276205387,19.892022034820123,14.312151919662202,-23.296680880004153,-0.14062711409608722,-0.4796807472444877,0.8661006843918182,-40.02634350115643,14.270640148378236,-23.547665632068874,0.08778725175944391,-0.454598331003529,0.8863598343095936
8540.5185895,18,1.0,0.4504316701071128,0.9649451141892905,8540.520632-0 8540.516547000001-1,-16.738053820160463,-110.3855116943626,209.25584899650187,19.892022034820123,14.312151919662202,-23.296680880004153,-0.13743033208291844,-0.48355004628094755,0.864460673810713,-40.02634350115643,14.270640148378236,-23.547665632068874,0.08778725175944391,-0.454598331003529,0.8863598343095936
8540.522573,18,1.0,0.45113467947849806,0.9679280605163131,8540.520632-0 8540.524514-1,-16.201485207119457,-109.20241613380513,205.53170516917973,19.892022034820123,14.312151919662202,-23.296680880004153,-0.13743033208291844,-0.48355004628094755,0.864460673810713,-40.02634350115643,14.270640148378236,-23.547665632068874,0.09112071327455427,-0.4593155452133595,0.8835871465439563
8540.526556,18,1.0,0.45413053997150216,0.972928728453298,8540.528598-0 8540.524514-1,-15.541105634695947,-113.59384370814108,211.2967520193607,19.892022034820123,14.312151919662202,-23.296680880004153,-0.13138587585598965,-0.4912422818584157,0.861056776374294,-40.02634350115643,14.270640148378236,-23.547665632068874,0.09112071327455427,-0.4593155452133595,0.8835871465439563
8540.530558,18,1.0,0.4549809646677554,0.9755263359927355,8540.528598-0 8540.532518-1,-14.913150591248655,-111.89622562677928,206.8553125077824,19.892022034820123,14.312151919662202,-23.296680880004153,-0.13138587585598965,-0.4912422818584157,0.861056776374294,-40.02634350115643,14.270640148378236,-23.547665632068874,0.09511077579943628,-0.46338966576062574,0.8810357302590428
8540.5345505,18,1.0,0.4603655797078551,0.9791202104742002,8540.536583000001-0 8540.532518-1,-13.617270115842869,-119.06510576158794,218.3417602599789,19.892022034820123,14.312151919662202,-23.296680880004153,-0.12044920741392091,-0.49669909375262156,0.8595242862762416,-40.02634350115643,14.270640148378236,-23.547665632068874,0.09511077579943628,-0.46338966576062574,0.8810357302590428
8540.5384915,18,1.0,0.46129588393668086,0.9817889246480367,8540.536583000001-0 8540.5404-1,-12.956498339961161,-117.03970201674096,213.2729658675344,19.892022034820123,14.312151919662202,-23.296680880004153,-0.12044920741392091,-0.49669909375262156,0.8595242862762416,-40.02634350115643,14.270640148378236,-23.547665632068874,0.09941167206745849,-0.46756599638189644,0.8783503620333724
8540.542445,19,1.0,0.46172136397641034,0.9856230317515553,8540.54449-0 8540.5404-1,-12.845326984096877,-118.38153732095651,213.74889954494188,19.892022034820123,14.312151919662202,-23.296680880004153,-0.11956439341146081,-0.5027077245970821,0.8561479425067688,-40.02634350115643,14.270640148378236,-23.547665632068874,0.09941167206745849,-0.46756599638189644,0.8783503620333724
8540.5464665,19,1.0,0.46344674723248236,0.9896535977279922,8540.54449-0 8540.548443-1,-11.69383217163249,-114.5960880240647,204.9613066931068,19.892022034820123,14.312151919662202,-23.296680880004153,-0.11956439341146081,-0.5027077245970821,0.8561479425067688,-40.02634350115643,14.270640148378236,-23.547665632068874,0.10731476285973261,-0.47374990764802377,0.8740964287055796
8540.550475,19,1.0,0.4640009749224644,0.9905301406164251,8540.552507-0 8540.548443-1,-11.549699319833534,-115.42214579285948,206.01771211910162,19.892022034820123,14.312151919662202,-23.296680880004153,-0.11843186947168949,-0.5040755135913308,0.8555008877207999,-40.02634350115643,14.270640148378236,-23.547665632068874,0.10731476285973261,-0.47374990764802377,0.8740964287055796
8540.5544795,19,1.0,0.4656172310212071,0.995567226881746,8540.552507-0 8540.556452-1,-10.55075246928807,-112.35759204048469,198.18210938828577,19.892022034820123,14.312151919662202,-23.296680880004153,-0.11843186947168949,-0.5040755135913308,0.8555008877207999,-40.02634350115643,14.270640148378236,-23.547665632068874,0.11463099667633465,-0.48145923304027627,0.8689400103121385
8540.558482,19,1.0,0.4701726338900308,0.9994956765744295,8540.560512-0 8540.556452-1,-9.30629344768626,-118.45435289703855,207.07392191249465,19.892022034820123,14.312151919662202,-23.296680880004153,-0.10909961339519181,-0.5102680217727297,0.853067301162789,-40.02634350115643,14.270640148378236,-23.547665632068874,0.11463099667633465,-0.48145923304027627,0.8689400103121385
8540.562437,19,1.0,0.47168042265426796,1.0030363193515694,8540.560512-0 8540.564362000001-1,-8.443265606975018,-115.28304998749272,199.8674984397146,19.892022034820123,14.312151919662202,-23.296680880004153,-0.10909961339519181,-0.5102680217727297,0.853067301162789,-40.02634350115643,14.270640148378236,-23.547665632068874,0.12134242375012873,-0.48676135731608455,0.8650661230346773
8540.566425,19,1.0,0.4745729825286751,1.0064351599276815,8540.568488-0 8540.564362000001-1,-7.595227705076763,-119.43158529800587,205.44243341455459,19.892022034820123,14.312151919662202,-23.296680880004153,-0.10312774159117913,-0.515662119301018,0.8505629004560953,-40.02634350115643,14.270640148378236,-23.547665632068874,0.12134242375012873,-0.48676135731608455,0.8650661230346773
8540.5704835,19,1.0,0.47658191536536865,1.0093765640211443,8540.568488-0 8540.572479-1,-6.539283003577685,-114.91265314155106,196.32514379774148,19.892022034820123,14.312151919662202,-23.296680880004153,-0.10312774159117913,-0.515662119301018,0.8505629004560953,-40.02634350115643,14.270640148378236,-23.547665632068874,0.13014984924867448,-0.4909294927245993,0.8614228055454041
8540.5744565,20,0.981084793806076,0.48070507580704885,1.0102123142000066,8540.576434-0 8540.572479-1,-5.255720200048492,-120.00399522830838,204.66402836174075,19.892022034820123,14.312151919662202,-23.296680880004153,-0.09457219476684844,-0.5171350525747975,0.8506629399329927,-40.02634350115643,14.270640148378236,-23.547665632068874,0.13014984924867448,-0.4909294927245993,0.8614228055454041
8540.578438,20,0.981084793806076,0.481363177744604,1.0120392290415863,8540.576434-0 8540.580442-1,-4.935193754197197,-118.68375144558138,201.54860631361498,19.892022034820123,14.312151919662202,-23.296680880004153,-0.09457219476684844,-0.5171350525747975,0.8506629399329927,-40.02634350115643,14.270640148378236,-23.547665632068874,0.13299262206119447,-0.4936612493922488,0.8594251179281255
8540.5824555,20,1.0,0.4838111369668229,1.0121723756305334,8540.584469000001-0 8540.580442-1,-4.123882647593881,-121.7700253610042,206.74499497319846,19.892022034820123,14.312151919662202,-23.296680880004153,-0.08945363470870955,-0.5174567704116901,0.851020879880455,-40.02634350115643,14.270640148378236,-23.547665632068874,0.13299262206119447,-0.4936612493922488,0.8594251179281255
8540.586472500001,20,1.0,0.4857837162132966,1.0140489301627569,8540.584469000001-0 8540.588476-1,-3.227734719451549,-117.09511670255841,197.9442233418847,19.892022034820123,14.312151919662202,-23.296680880004153,-0.08945363470870955,-0.5174567704116901,0.851020879880455,-40.02634350115643,14.270640148378236,-23.547665632068874,0.1414244494187873,-0.4961024497279878,0.8566688301090932
8540.590532000002,20,1.0,0.48950925962720515,1.017254672740978,8540.592588000001-0 8540.588476-1,-1.9318758296782192,-122.3714468897,205.3286317842162,19.892022034820123,14.312151919662202,-23.296680880004153,-0.08161453213668786,-0.5226864622277149,0.8486094097687021,-40.02634350115643,14.270640148378236,-23.547665632068874,0.1414244494187873,-0.4961024497279878,0.8566688301090932
8540.594579,20,1.0,0.491769728512417,1.0184052807552684,8540.592588000001-0 8540.59657-1,-1.0190416069637696,-116.90396294091451,195.63157825543232,19.892022034820123,14.312151919662202,-23.296680880004153,-0.08161453213668786,-0.5226864622277149,0.8486094097687021,-40.02634350115643,14.270640148378236,-23.547665632068874,0.15091594045159998,-0.49726440072872863,0.8543725736969251
8540.598590000001,20,1.0,0.4939322465339234,1.016946814165073,8540.600610000001-0 8540.59657-1,-0.23699678526559254,-119.2338237963634,200.2176158148909,19.892022034820123,14.312151919662202,-23.296680880004153,-0.0770451194958981,-0.5205504953575839,0.8503477120242263,-40.02634350115643,14.270640148378236,-23.547665632068874,0.15091594045159998,-0.49726440072872863,0.8543725736969251
8540.60252,20,1.0,0.49554926630837387,1.0180545908749623,8540.600610000001-0 8540.604430000001-1,0.3529029945442641,-115.5571688574189,193.53977913898166,19.892022034820123,14.312151919662202,-23.296680880004153,-0.0770451194958981,-0.5205504953575839,0.8503477120242263,-40.02634350115643,14.270640148378236,-23.547665632068874,0.1576053510899897,-0.4985359621682483,0.8524215199845556
8540.606468000002,21,1.0,0.497965110886497,1.0171309934013668,8540.608506-0 8540.604430000001-1,1.2534392930137894,-118.26434172755845,198.50077628860024,19.892022034820123,14.312151919662202,-23.296680880004153,-0.07191684527623961,-0.5192746512539372,0.8515760705483775,-40.02634350115643,14.270640148378236,-23.547665632068874,0.1576053510899897,-0.4985359621682483,0.8524215199845556
8540.610544,21,1.0,0.4993749795622461,1.0166635339206351,8540.608506-0 8540.612582-1,1.7237658943991843,-114.83309455907303,192.94989535278108,19.892022034820123,14.312151919662202,-23.296680880004153,-0.07191684527623961,-0.5192746512539372,0.8515760705483775,-40.02634350115643,14.270640148378236,-23.547665632068874,0.16337118388935729,-0.4973803953121758,0.8520109146212234
8540.6145065,21,1.0,0.49870622689826816,1.0140661089468281,8540.616431-0 8540.612582-1,1.4742678825602855,-113.55595501032374,191.97436790494098,19.892022034820123,14.312151919662202,-23.296680880004153,-0.07333958106674998,-0.5151801480029046,0.8539383589889019,-40.02634350115643,14.270640148378236,-23.547665632068874,0.16337118388935729,-0.4973803953121758,0.8520109146212234
8540.618493000002,21,1.0,0.500163660508633,1.014390147943521,8540.616431-0 8540.620555000001-1,1.937323726575256,-110.41697778296324,186.52136265080753,19.892022034820123,14.312151919662202,-23.296680880004153,-0.07333958106674998,-0.5151801480029046,0.8539383589889019,-40.02634350115643,14.270640148378236,-23.547665632068874,0.16927934581354606,-0.4974607001179137,0.8508098230034331
8540.622502000002,21,1.0,0.5034039010375644,1.012984064284553,8540.624449-0 8540.620555000001-1,3.160206762804462,-113.7742395169785,192.8153399090715,19.892022034820123,14.312151919662202,-23.296680880004153,-0.06644038591103811,-0.5132093645903572,0.8556879239633769,-40.02634350115643,14.270640148378236,-23.547665632068874,0.16927934581354606,-0.4974607001179137,0.8508098230034331
8540.626486500001,21,1.0,0.5056784197344972,1.012723212920068,8540.624449-0 8540.628524-1,3.80272141093657,-108.82724716760164,184.53156195269744,19.892022034820123,14.312151919662202,-23.296680880004153,-0.06644038591103811,-0.5132093645903572,0.8556879239633769,-40.02634350115643,14.270640148378236,-23.547665632068874,0.17836356953332977,-0.496394679304895,0.8495756349031671
8540.630509,21,1.0,0.5085021733744494,1.0098409817633849,8540.632494000001-0 8540.628524-1,4.905892286023873,-111.37119206433164,190.1108002147782,19.892022034820123,14.312151919662202,-23.296680880004153,-0.06039093164001977,-0.5089159222922008,0.8586952424539972,-40.02634350115643,14.270640148378236,-23.547665632068874,0.17836356953332977,-0.496394679304895,0.8495756349031671
8540.6344785,21,1.0,0.5099817786816927,1.0085569041736677,8540.632494000001-0 8540.636463-1,5.276263188255476,-108.03260391284948,184.95862851809693,19.892022034820123,14.312151919662202,-23.296680880004153,-0.06039093164001977,-0.5089159222922008,0.8586952424539972,-40.02634350115643,14.270640148378236,-23.547665632068874,0.18419189234052163,-0.49397862928722786,0.8497402312492504
8540.6388545,21,1.0,0.5094308252772037,1.0074019139385202,8540.641246000001-0 8540.636463-1,5.060548249649856,-107.2340858401472,184.09784627746828,19.892022034820123,14.312151919662202,-23.296680880004153,-0.061573323738576415,-0.5070862901869941,0.8596930964641833,-40.02634350115643,14.270640148378236,-23.547665632068874,0.18419189234052163,-0.49397862928722786,0.8497402312492504
8540.642866000002,22,1.0,0.5114270530774272,1.007467159087965,8540.641246000001-0 8540.644486000001-1,5.533943302914481,-103.39288116152576,177.45803977560632,19.892022034820123,14.312151919662202,-23.296680880004153,-0.061573323738576415,-0.5070862901869941,0.8596930964641833,-40.02634350115643,14.270640148378236,-23.547665632068874,0.1919654747060474,-0.49352585522266607,0.8482814902776189
8540.646466500002,22,0.999651700258255,0.5125065418768662,1.004026794097157,8540.648447000001-0 8540.644486000001-1,5.9506332862719065,-103.84249526048995,179.67501244900873,19.892022034820123,14.312151919662202,-23.296680880004153,-0.0592579258018259,-0.5018300279907899,0.862934019051531,-40.02634350115643,14.270640148378236,-23.547665632068874,0.1919654747060474,-0.49352585522266607,0.8482814902776189
8540.650504500001,22,0.999651700258255,0.5130843575101279,1.002140054391021,8540.648447000001-0 8540.652562000001-1,6.078543217994562,-102.41445988174956,177.99199780658694,19.892022034820123,14.312151919662202,-23.296680880004153,-0.0592579258018259,-0.5018300279907899,0.862934019051531,-40.02634350115643,14.270640148378236,-23.547665632068874,0.1942032072598495,-0.49044894812661965,0.8495557330578615
8540.6544995,22,1.0,0.5156589649073029,0.9982526195492142,8540.656437000001-0 8540.652562000001-1,7.099765216956677,-104.27964787056061,182.88407488833502,19.892022034820123,14.312151919662202,-23.296680880004153,-0.053710203259883835,-0.4959429859993475,0.866692430279527,-40.02634350115643,14.270640148378236,-23.547665632068874,0.1942032072598495,-0.49044894812661965,0.8495557330578615
8540.658456000001,22,1.0,0.5172660524724793,0.9979959799154967,8540.656437000001-0 8540.660475-1,7.423136936795123,-101.26284902868274,177.68181116651579,19.892022034820123,14.312151919662202,-23.296680880004153,-0.053710203259883835,-0.4959429859993475,0.866692430279527,-40.02634350115643,14.270640148378236,-23.547665632068874,0.20035009690609565,-0.4896609006734824,0.8485823713826207
8540.6624685,22,1.0,0.5193469760004009,0.9938207425365719,8540.664462-0 8540.660475-1,8.270208068810108,-102.5574993063973,181.72288122924527,19.892022034820123,14.312151919662202,-23.296680880004153,-0.049202078869733164,-0.489565667520861,0.8705771721218919,-40.02634350115643,14.270640148378236,-23.547665632068874,0.20035009690609565,-0.4896609006734824,0.8485823713826207
8540.666455,22,0.9888413548469543,0.5201827252060598,0.9923396768714672,8540.664462-0 8540.668448-1,8.422594501922383,-100.76467660283583,179.16625273065807,19.892022034820123,14.312151919662202,-23.296680880004153,-0.049202078869733164,-0.489565667520861,0.8705771721218919,-40.02634350115643,14.270640148378236,-23.547665632068874,0.2035243217242898,-0.48718512002842096,0.8492517349346783
8540.670434,22,0.9888413548469543,0.5219959042905904,0.9899246422963538,8540.67242-0 8540.668448-1,9.180712207229792,-102.11800078943693,182.59559959971824,19.892022034820123,14.312151919662202,-23.296680880004153,-0.0452552136427435,-0.4858878816348665,0.8728487452694947,-40.02634350115643,14.270640148378236,-23.547665632068874,0.2035243217242898,-0.48718512002842096,0.8492517349346783
8540.674464,23,1.0,0.5231879671729635,0.9875119416649129,8540.67242-0 8540.676508-1,9.379261215180472,-99.53527316990287,178.98947790611228,19.892022034820123,14.312151919662202,-23.296680880004153,-0.0452552136427435,-0.4858878816348665,0.8728487452694947,-40.02634350115643,14.270640148378236,-23.547665632068874,0.2080194578137912,-0.4832115969134832,0.850431924247425
8540.678466000001,23,1.0,0.5264791100261847,0.9856414942278063,8540.680424-0 8540.676508-1,10.802927686886878,-102.46377114126602,185.02595938798396,19.892022034820123,14.312151919662202,-23.296680880004153,-0.03804683344899606,-0.483094202062956,0.8747413505703615,-40.02634350115643,14.270640148378236,-23.547665632068874,0.2080194578137912,-0.4832115969134832,0.850431924247425
8540.682482,23,1.0,0.5269179002823533,0.9839272581848084,8540.680424-0 8540.68454-1,10.86576626278988,-101.33714800652207,183.7382060025301,19.892022034820123,14.312151919662202,-23.296680880004153,-0.03804683344899606,-0.483094202062956,0.8747413505703615,-40.02634350115643,14.270640148378236,-23.547665632068874,0.20966740975483847,-0.48047530894595547,0.8515768049800239
8540.686486999999,23,1.0,0.5294207928074461,0.9826217552692734,8540.688434-0 8540.68454-1,12.006086940139596,-103.67817127337939,188.52405176131566,19.892022034820123,14.312151919662202,-23.296680880004153,-0.032521939969998546,-0.4811302097253615,0.8760456864286343,-40.02634350115643,14.270640148378236,-23.547665632068874,0.20966740975483847,-0.48047530894595547,0.8515768049800239
8540.6904745,23,1.0,0.5312329810116542,0.982731268717366,8540.688434-0 8540.692515-1,12.229402796733051,-100.40812269317173,182.4927604605407,19.892022034820123,14.312151919662202,-23.296680880004153,-0.032521939969998546,-0.4811302097253615,0.8760456864286343,-40.02634350115643,14.270640148378236,-23.547665632068874,0.21636949912430753,-0.48031999029564226,0.8499864391689379
8540.6944515,23,1.0,0.5343449019714858,0.9836271536791191,8540.696388-0 8540.692515-1,13.690717035199276,-103.78690121811235,188.15744579755506,19.892022034820123,14.312151919662202,-23.296680880004153,-0.025610041557586817,-0.48262241336890477,0.8754540147177305,-40.02634350115643,14.270640148378236,-23.547665632068874,0.21636949912430753,-0.48031999029564226,0.8499864391689379
8540.698498500002,23,1.0,0.5354656954495864,0.9807406571599943,8540.696388-0 8540.700609000001-1,13.798831337432226,-101.19075105875041,184.7037189157187,19.892022034820123,14.312151919662202,-23.296680880004153,-0.025610041557586817,-0.48262241336890477,0.8754540147177305,-40.02634350115643,14.270640148378236,-23.547665632068874,0.22048890558439022,-0.47564672770538646,0.8515543628784694
8540.702584,23,1.0,0.5383197113468924,0.9804008649046614,8540.704559-0 8540.700609000001-1,15.201112833675195,-104.13656348106892,190.16442208931096,19.892022034820123,14.312151919662202,-23.296680880004153,-0.019220612063302125,-0.48217051503050995,0.8758665209420468,-40.02634350115643,14.270640148378236,-23.547665632068874,0.22048890558439022,-0.47564672770538646,0.8515543628784694
8540.7065485,23,1.0,0.5396306039305001,0.9807286329488956,8540.704559-0 8540.708538-1,15.297474722086099,-101.811177825837,185.73722795489368,19.892022034820123,14.312151919662202,-23.296680880004153,-0.019220612063302125,-0.48217051503050995,0.8758665209420468,-40.02634350115643,14.270640148378236,-23.547665632068874,0.2252374838314894,-0.47593570495407744,0.8501489755490652
8540.710534500002,24,1.0,0.5426763830961746,0.9800457320503427,8540.712531000001-0 8540.708538-1,16.85804769484571,-104.95990013400467,191.71168464008855,19.892022034820123,14.312151919662202,-23.296680880004153,-0.012350089079548106,-0.481192020490614,0.8765282167254443,-40.02634350115643,14.270640148378236,-23.547665632068874,0.2252374838314894,-0.47593570495407744,0.8501489755490652
8540.714484,24,0.9983226954936981,0.5437955701356973,0.9772827298689485,8540.712531000001-0 8540.716437000001-1,16.910306284369337,-102.3566612360602,188.17643936144833,19.892022034820123,14.312151919662202,-23.296680880004153,-0.012350089079548106,-0.481192020490614,0.8765282167254443,-40.02634350115643,14.270640148378236,-23.547665632068874,0.22927756035582472,-0.47146230960793295,0.8515603859600533
8540.7184515,24,0.9786679744720459,0.5463497105774806,0.9760157829247312,8540.720466-0 8540.716437000001-1,18.275486151261724,-104.91207953597518,193.38839861243366,19.892022034820123,14.312151919662202,-23.296680880004153,-0.006544395818846187,-0.47927144583639614,0.8776423258305495,-40.02634350115643,14.270640148378236,-23.547665632068874,0.22927756035582472,-0.47146230960793295,0.8515603859600533
8540.722462000002,24,0.9803452789783478,0.546311738491374,0.9736129334487568,8540.720466-0 8540.724458-1,18.273301546441733,-104.49807201432253,193.7513769336784,19.892022034820123,14.312151919662202,-23.296680880004153,-0.006544395818846187,-0.47927144583639614,0.8776423258305495,-40.02634350115643,14.270640148378236,-23.547665632068874,0.22916004506200788,-0.467721135876282,0.8536525129124726
8540.7264885,24,1.0,0.5500105715447388,0.9706016897890399,8540.728519-0 8540.724458-1,20.392194960461925,-108.21170032707425,201.98493376743613,19.892022034820123,14.312151919662202,-23.296680880004153,0.0019409482059716682,-0.47459482949306425,0.8802022384307544,-40.02634350115643,14.270640148378236,-23.547665632068874,0.22916004506200788,-0.467721135876282,0.8536525129124726
8540.730478500001,24,1.0,0.5512992452054062,0.9680263077805968,8540.728519-0 8540.732438000001-1,20.380292056656305,-105.17061205212912,197.49927435881764,19.892022034820123,14.312151919662202,-23.296680880004153,0.0019409482059716682,-0.47459482949306425,0.8802022384307544,-40.02634350115643,14.270640148378236,-23.547665632068874,0.23376434503146815,-0.4635439249811717,0.8546819645956376
8540.734502000001,24,1.0,0.5523871317599597,0.9677999329292687,8540.736566000001-0 8540.732438000001-1,21.022320324572153,-106.3964222277026,199.8728003502389,19.892022034820123,14.312151919662202,-23.296680880004153,0.004450367317452797,-0.47424399339369894,0.8803822061813475,-40.02634350115643,14.270640148378236,-23.547665632068874,0.23376434503146815,-0.4635439249811717,0.8546819645956376
8540.738462000001,24,1.0,0.5550370788309071,0.9635919399947999,8540.736566000001-0 8540.740358000001-1,20.973284053954124,-100.67431040652701,190.98541672176594,19.892022034820123,14.312151919662202,-23.296680880004153,0.004450367317452797,-0.47424399339369894,0.8803822061813475,-40.02634350115643,14.270640148378236,-23.547665632068874,0.24310541843691674,-0.45669175630356135,0.8557642170896026
8540.742394,25,1.0,0.5560039978039486,0.9628239737055542,8540.74443-0 8540.740358000001-1,21.53274332452235,-101.58151897280537,193.03405821029395,19.892022034820123,14.312151919662202,-23.296680880004153,0.006687679583819654,-0.4730467862355161,0.8810119255572162,-40.02634350115643,14.270640148378236,-23.547665632068874,0.24310541843691674,-0.45669175630356135,0.8557642170896026
8540.746408500001,25,1.0,0.5562126295687762,0.9607034895127512,8540.74443-0 8540.748387000001-1,21.52603949774671,-100.78887570943094,192.51903668876162,19.892022034820123,14.312151919662202,-23.296680880004153,0.006687679583819654,-0.4730467862355161,0.8810119255572162,-40.02634350115643,14.270640148378236,-23.547665632068874,0.2438478585592865,-0.45336384016721,0.8573210893853543
8540.7504055,25,1.0,0.5580658920617365,0.9595092230473233,8540.752424-0 8540.748387000001-1,22.627792834827567,-102.61579234945637,196.51420467798965,19.892022034820123,14.312151919662202,-23.296680880004153,0.010991982320898298,-0.4711694845691248,0.8819742020804929,-40.02634350115643,14.270640148378236,-23.547665632068874,0.2438478585592865,-0.45336384016721,0.8573210893853543
8540.754409000001,25,1.0,0.5590197983002198,0.9601449617319268,8540.752424-0 8540.756394-1,22.587659205564638,-101.0435073631638,193.16459200485963,19.892022034820123,14.312151919662202,-23.296680880004153,0.010991982320898298,-0.4711694845691248,0.8819742020804929,-40.02634350115643,14.270640148378236,-23.547665632068874,0.24714952445551402,-0.4542752675838029,0.855891987240842
8540.758429500002,25,1.0,0.5603788870043497,0.9530670293102042,8540.760465000001-0 8540.756394-1,23.421782251320444,-101.19164429910458,196.79981864556683,19.892022034820123,14.312151919662202,-23.296680880004153,0.014185921783246812,-0.4600942944594544,0.8877567233364196,-40.02634350115643,14.270640148378236,-23.547665632068874,0.24714952445551402,-0.4542752675838029,0.855891987240842
8540.762373500002,25,1.0,0.5627558382179199,0.9482720656226716,8540.760465000001-0 8540.764282-1,23.291345258806388,-96.19773825828369,189.23348632565745,19.892022034820123,14.312151919662202,-23.296680880004153,0.014185921783246812,-0.4600942944594544,0.8877567233364196,-40.02634350115643,14.270640148378236,-23.547665632068874,0.25534923203286264,-0.4466863261881068,0.8574777523042798
8540.766358,25,1.0,0.5628227730621332,0.944058329270741,8540.768434000001-0 8540.764282-1,23.337811035364176,-95.48318222599295,189.80787081953324,19.892022034820123,14.312151919662202,-23.296680880004153,0.014359614496203453,-0.4535358329422788,0.8911223539497108,-40.02634350115643,14.270640148378236,-23.547665632068874,0.25534923203286264,-0.4466863261881068,0.8574777523042798
8540.770396,25,1.0,0.5624529889126456,0.9403563533491958,8540.768434000001-0 8540.772358-1,23.354303674867147,-95.35334787026072,191.32836762776986,19.892022034820123,14.312151919662202,-23.296680880004153,0.014359614496203453,-0.4535358329422788,0.8911223539497108,-40.02634350115643,14.270640148378236,-23.547665632068874,0.2541242140514518,-0.4409528213851422,0.8608028189691382
8540.774379,26,0.9699272811412811,0.565082991762414,0.9359830847134384,8540.7764-0 8540.772358-1,24.97401188956311,-97.29116641286019,197.26521499291016,19.892022034820123,14.312151919662202,-23.296680880004153,0.020540862257175337,-0.4465701566577117,0.8945128105066124,-40.02634350115643,14.270640148378236,-23.547665632068874,0.2541242140514518,-0.4409528213851422,0.8608028189691382
8540.778407000002,26,0.9699272811412811,0.5650988114923865,0.9341619286303774,8540.7764-0 8540.780414-1,24.971130566887123,-96.89479264077136,197.36526967111462,19.892022034820123,14.312151919662202,-23.296680880004153,0.020540862257175337,-0.4465701566577117,0.8945128105066124,-40.02634350115643,14.270640148378236,-23.547665632068874,0.2541971400869318,-0.4381170729888568,0.8622280697862379
8540.782382500001,26,0.9563493728637695,0.5671217842296512,0.9298838294946621,8540.784351-0 8540.780414-1,26.284810901157652,-98.27555570679041,202.26850903110716,19.892022034820123,14.312151919662202,-23.296680880004153,0.025330345627076516,-0.43972468521406677,0.8977753476253414,-40.02634350115643,14.270640148378236,-23.547665632068874,0.2541971400869318,-0.4381170729888568,0.8622280697862379
8540.786411000001,26,0.9563493728637695,0.5673409468429188,0.9257465613157803,8540.784351-0 8540.788471-1,26.258485031936686,-97.04033131641687,201.82907859286303,19.892022034820123,14.312151919662202,-23.296680880004153,0.025330345627076516,-0.43972468521406677,0.8977753476253414,-40.02634350115643,14.270640148378236,-23.547665632068874,0.2549899292594261,-0.4316676733332343,0.8652416747795643
8540.790481,26,0.9930884838104248,0.5688661296871128,0.9219732604842329,8540.792491-0 8540.788471-1,27.287222260125667,-97.99154238126599,205.71278309549575,19.892022034820123,14.312151919662202,-23.296680880004153,0.028962940373419996,-0.43366274130780685,0.9006096684392877,-40.02634350115643,14.270640148378236,-23.547665632068874,0.2549899292594261,-0.4316676733332343,0.8652416747795643
8540.794492500001,26,0.9930884838104248,0.5699907623439108,0.9202146914728484,8540.792491-0 8540.796494-1,27.15450507028925,-95.70439944460551,201.7685086021488,19.892022034820123,14.312151919662202,-23.296680880004153,0.028962940373419996,-0.43366274130780685,0.9006096684392877,-40.02634350115643,14.270640148378236,-23.547665632068874,0.2588286969532271,-0.4289846886760961,0.8654362151626008
8540.798453,26,0.9975635707378387,0.5705214576039884,0.9162761445526613,8540.800412-0 8540.796494-1,27.518739502317704,-95.50656787516883,203.3777848907453,19.892022034820123,14.312151919662202,-23.296680880004153,0.030241720131102018,-0.4274227177244549,0.9035459361518665,-40.02634350115643,14.270640148378236,-23.547665632068874,0.2588286969532271,-0.4289846886760961,0.8654362151626008
8540.802439000001,26,0.9975635707378387,0.5717456763632129,0.9136396529157638,8540.800412-0 8540.804466000001-1,27.371532210403526,-92.96225673309849,199.25719017563395,19.892022034820123,14.312151919662202,-23.296680880004153,0.030241720131102018,-0.4274227177244549,0.9035459361518665,-40.02634350115643,14.270640148378236,-23.547665632068874,0.26298826390927144,-0.424970146471013,0.8661625411286228
8540.806473,26,1.0,0.5737634753108034,0.9103630231324493,8540.80848-0 8540.804466000001-1,28.745341066133378,-94.47107467325472,204.12368441817392,19.892022034820123,14.312151919662202,-23.296680880004153,0.03507026000614241,-0.42204962691015047,0.9058941380139869,-40.02634350115643,14.270640148378236,-23.547665632068874,0.26298826390927144,-0.424970146471013,0.8661625411286228
8540.8105075,27,1.0,0.5748763976926254,0.9046464634742873,8540.80848-0 8540.812535000001-1,28.586311377231734,-91.50030144419682,200.62259928153338,19.892022034820123,14.312151919662202,-23.296680880004153,0.03507026000614241,-0.42204962691015047,0.9058941380139869,-40.02634350115643,14.270640148378236,-23.547665632068874,0.2667856757807671,-0.4161750725248043,0.869266191800402
8540.8144845,27,0.972970187664032,0.5755821508114768,0.9010087293174869,8540.816434-0 8540.812535000001-1,29.077854937568247,-91.52741645088858,202.57364348901388,19.892022034820123,14.312151919662202,-23.296680880004153,0.03677917969436516,-0.41624920904658247,0.908506404990688,-40.02634350115643,14.270640148378236,-23.547665632068874,0.2667856757807671,-0.4161750725248043,0.869266191800402
8540.818457000001,27,0.972970187664032,0.5756743687496797,0.8996921910261755,8540.816434-0 8540.82048-1,29.063073619508163,-91.11112224019192,202.3483022801724,19.892022034820123,14.312151919662202,-23.296680880004153,0.03677917969436516,-0.41624920904658247,0.908506404990688,-40.02634350115643,14.270640148378236,-23.547665632068874,0.2671103158574243,-0.41413585223895905,0.8701399744023132
8540.8224595,27,0.993812084197998,0.5778646673881229,0.8957954353656578,8540.824439-0 8540.82048-1,30.622167694058707,-92.66792227770088,207.82697779964622,19.892022034820123,14.312151919662202,-23.296680880004153,0.04206578004387623,-0.4097984372707199,0.9112056359350373,-40.02634350115643,14.270640148378236,-23.547665632068874,0.2671103158574243,-0.41413585223895905,0.8701399744023132
